-- PostgreSQL Data Dump from SQLite
BEGIN;

INSERT INTO "users" ("id", "name", "email", "email_verified_at", "password", "remember_token", "created_at", "updated_at", "income") VALUES (1, 'luqni', 'luqni@gmail.com', NULL, '$2y$12$0N7yJX9a.GlRdHeGdTCLdeEJEMvX81T/PC5D0cc4s6Py.dvhgrypm', NULL, '2026-01-18 08:07:03', '2026-01-18 08:07:03', 0);
INSERT INTO "users" ("id", "name", "email", "email_verified_at", "password", "remember_token", "created_at", "updated_at", "income") VALUES (2, 'luqni', 'baehaqi@gmail.com', NULL, '$2y$12$hTl6sOSyGVFT1PnBk4yA6uf4F6n71C/6MBus9hnEuFv9CHKjk4RLa', NULL, '2026-01-18 10:32:54', '2026-01-18 10:32:54', 0);
INSERT INTO "users" ("id", "name", "email", "email_verified_at", "password", "remember_token", "created_at", "updated_at", "income") VALUES (3, 'testing', 'testing@gmail.com', NULL, '$2y$12$Tr9QG3uBwAKYFf1XrwG/h.xbOBRHrCsInkvs5gzVcEZfKtd6cp6Z6', NULL, '2026-01-18 10:32:54', '2026-01-18 10:32:54', 0);
INSERT INTO "users" ("id", "name", "email", "email_verified_at", "password", "remember_token", "created_at", "updated_at", "income") VALUES (4, 'admin', 'admin@gmail.com', NULL, '$2y$12$hq38G783/qYhuB2.FVZccOkWuwnF9me0SGbD6b8qZjjhQsr.v4ye.', NULL, '2026-01-18 10:32:54', '2026-01-18 10:32:54', 0);
INSERT INTO "users" ("id", "name", "email", "email_verified_at", "password", "remember_token", "created_at", "updated_at", "income") VALUES (5, 'Nifa', 'phonifatinnasiroh@gmail.com', NULL, '$2y$12$ZxroltLbYe99sIUQQOQuP.WEfIlU7dqO0ki6N/cUM2xwFGlylqaqW', NULL, '2026-01-18 10:32:54', '2026-01-18 10:32:54', 0);
INSERT INTO "users" ("id", "name", "email", "email_verified_at", "password", "remember_token", "created_at", "updated_at", "income") VALUES (6, 'Fina', 'alfinadamayanti110@gmail.com', NULL, '$2y$12$f5/APyh.X5unS7ICmaG3reE8J/SbQiqCVg2SQsYPYf4X4uIXTmcm2', NULL, '2026-01-18 10:32:54', '2026-01-18 10:32:54', 0);
INSERT INTO "users" ("id", "name", "email", "email_verified_at", "password", "remember_token", "created_at", "updated_at", "income") VALUES (7, 'Dini', 'dshafarahma@gmail.com', NULL, '$2y$12$uanzYptBXt7OKbxf3aYpauqKe6W4B5UboZzoog7jkhaAtTIam4poC', NULL, '2026-01-18 10:32:54', '2026-01-18 10:32:54', 0);
INSERT INTO "users" ("id", "name", "email", "email_verified_at", "password", "remember_token", "created_at", "updated_at", "income") VALUES (8, 'Rnstwn', 'ronisetiawan6969@gmail.com', NULL, '$2y$12$FkLMM5IJ3ajDX2hpZTRj0e/PBKbRyrJ2po.C2I2oJuyIuZOJ93DPi', NULL, '2026-01-18 10:32:54', '2026-01-18 10:32:54', 0);
INSERT INTO "users" ("id", "name", "email", "email_verified_at", "password", "remember_token", "created_at", "updated_at", "income") VALUES (9, 'Nur Afilin', 'nur.afilin@gmail.com', NULL, '$2y$12$nYZdbZ.csvIvL6tDaPNu0.JdBYQYB9zdh1PN3/qQEqofqjrGkSA0O', NULL, '2026-01-18 10:32:54', '2026-01-18 10:32:54', 0);
INSERT INTO "users" ("id", "name", "email", "email_verified_at", "password", "remember_token", "created_at", "updated_at", "income") VALUES (10, 'index.html', 'zuck@fb.com', NULL, '$2y$12$.iD4s1g5ei8iq08sS/IJ4.Syvvjd5wKdHFYEnt2Zsg.HdGsCqH9Yy', NULL, '2026-01-18 10:32:54', '2026-01-18 10:32:54', 0);
INSERT INTO "users" ("id", "name", "email", "email_verified_at", "password", "remember_token", "created_at", "updated_at", "income") VALUES (11, 'Zakky', 'zakkysurya@gmail.com', NULL, '$2y$12$kEF4zYpgLAJr/AGuiJ3o3O8qqDfupEEdKhjAgODXomnxt1alCu2KW', NULL, '2026-01-18 10:32:54', '2026-01-18 10:32:54', 0);
INSERT INTO "users" ("id", "name", "email", "email_verified_at", "password", "remember_token", "created_at", "updated_at", "income") VALUES (12, 'Nelan', 'nelanjoe@gmail.com', NULL, '$2y$12$afsJd3qHnqJe9LnocQjpAeUrsE/nRLUmSEXjHbK/fggQH0XlnzETe', NULL, '2026-01-18 10:32:54', '2026-01-18 10:32:54', 0);
INSERT INTO "users" ("id", "name", "email", "email_verified_at", "password", "remember_token", "created_at", "updated_at", "income") VALUES (13, 'Halimah', 'halimatushsholihah2310@gmail.com', NULL, '$2y$12$AxPIuLXsIuBMl5E.8VvF9.Vak4ZCHf2EDjk936IDyKwzURJXebxNq', NULL, '2026-01-18 10:32:54', '2026-01-18 10:32:54', 0);
INSERT INTO "users" ("id", "name", "email", "email_verified_at", "password", "remember_token", "created_at", "updated_at", "income") VALUES (14, 'Silmi Amiruna', 'silmiamirunaab@gmail.com', NULL, '$2y$12$JBqp6GtoP0MYdD5jjSu/sOkyzM7k0qeLpn3w80YUb2wQtQw0emFbm', NULL, '2026-01-18 10:32:54', '2026-01-18 10:32:54', 0);

INSERT INTO "categories" ("id", "name", "icon", "color", "created_at", "updated_at") VALUES (1, 'Makanan', '🍔', '#ef4444', '2026-01-18 08:17:51', '2026-01-18 08:17:51');
INSERT INTO "categories" ("id", "name", "icon", "color", "created_at", "updated_at") VALUES (2, 'Transportasi', '🚗', '#3b82f6', '2026-01-18 08:17:51', '2026-01-18 08:17:51');
INSERT INTO "categories" ("id", "name", "icon", "color", "created_at", "updated_at") VALUES (3, 'Tagihan', '💡', '#eab308', '2026-01-18 08:17:51', '2026-01-18 08:17:51');
INSERT INTO "categories" ("id", "name", "icon", "color", "created_at", "updated_at") VALUES (4, 'Belanja', '🛒', '#10b981', '2026-01-18 08:17:51', '2026-01-18 08:17:51');
INSERT INTO "categories" ("id", "name", "icon", "color", "created_at", "updated_at") VALUES (5, 'Hiburan', '🎬', '#8b5cf6', '2026-01-18 08:17:51', '2026-01-18 08:17:51');
INSERT INTO "categories" ("id", "name", "icon", "color", "created_at", "updated_at") VALUES (6, 'Kesehatan', '💊', '#f97316', '2026-01-18 08:17:51', '2026-01-18 08:17:51');
INSERT INTO "categories" ("id", "name", "icon", "color", "created_at", "updated_at") VALUES (7, 'Pendidikan', '📚', '#06b6d4', '2026-01-18 08:17:51', '2026-01-18 08:17:51');
INSERT INTO "categories" ("id", "name", "icon", "color", "created_at", "updated_at") VALUES (8, 'Lainnya', '🔹', '#64748b', '2026-01-18 08:17:51', '2026-01-18 08:17:51');
INSERT INTO "categories" ("id", "name", "icon", "color", "created_at", "updated_at") VALUES (9, 'Tabungan & Investasi', '📈', '#10b981', '2026-01-18 10:53:23', '2026-01-18 10:53:23');

INSERT INTO "monthly_incomes" ("id", "user_id", "month", "income", "created_at", "updated_at") VALUES (1, 1, '2026-01', 8000000, '2026-01-18 09:02:09', '2026-01-18 10:35:25');
INSERT INTO "monthly_incomes" ("id", "user_id", "month", "income", "created_at", "updated_at") VALUES (2, 1, '2025-12', 8000000, '2026-01-18 10:55:48', '2026-01-18 10:55:48');
INSERT INTO "monthly_incomes" ("id", "user_id", "month", "income", "created_at", "updated_at") VALUES (3, 1, '2025-11', 8000000, '2026-01-18 10:56:11', '2026-01-18 10:56:11');

INSERT INTO "expenses" ("id", "note", "amount", "created_at", "updated_at", "date", "month", "user_id", "category_id") VALUES (1, 'Belanja Bulanan', 540600, '2025-11-01 10:10:18', '2025-11-02 12:18:25', '2025-10-28 23:55:48', '2025-11', 1, NULL);
INSERT INTO "expenses" ("id", "note", "amount", "created_at", "updated_at", "date", "month", "user_id", "category_id") VALUES (2, 'Belanja Mingguan (satu juta)', 1100000, '2025-11-01 15:20:12', '2025-11-12 22:54:49', '2025-10-28 23:55:48', '2025-11', 1, NULL);
INSERT INTO "expenses" ("id", "note", "amount", "created_at", "updated_at", "date", "month", "user_id", "category_id") VALUES (3, 'Sewa Kontrakan', 1600000, '2025-11-01 15:21:00', '2025-11-01 15:21:18', '2025-10-28 23:55:48', '2025-11', 1, NULL);
INSERT INTO "expenses" ("id", "note", "amount", "created_at", "updated_at", "date", "month", "user_id", "category_id") VALUES (4, 'Listrik Kontrakan', 250000, '2025-11-01 15:21:58', '2025-11-01 15:22:14', '2025-10-28 23:55:48', '2025-11', 1, NULL);
INSERT INTO "expenses" ("id", "note", "amount", "created_at", "updated_at", "date", "month", "user_id", "category_id") VALUES (5, 'Uang Lingkungan', 60000, '2025-11-01 15:22:30', '2025-11-01 15:22:44', '2025-10-28 23:55:48', '2025-11', 1, NULL);
INSERT INTO "expenses" ("id", "note", "amount", "created_at", "updated_at", "date", "month", "user_id", "category_id") VALUES (6, 'Ngasih Ortu', 1200000, '2025-11-01 15:23:26', '2025-11-01 15:23:50', '2025-10-28 23:55:48', '2025-11', 1, NULL);
INSERT INTO "expenses" ("id", "note", "amount", "created_at", "updated_at", "date", "month", "user_id", "category_id") VALUES (7, 'Cicilan Kavling', 1000000, '2025-11-01 15:24:27', '2025-11-01 15:24:48', '2025-10-28 23:55:48', '2025-11', 1, NULL);
INSERT INTO "expenses" ("id", "note", "amount", "created_at", "updated_at", "date", "month", "user_id", "category_id") VALUES (8, 'BPJS', 75000, '2025-11-01 15:25:21', '2026-01-18 11:27:33', '2025-10-28 23:55:48', '2025-11', 1, 3);
INSERT INTO "expenses" ("id", "note", "amount", "created_at", "updated_at", "date", "month", "user_id", "category_id") VALUES (9, 'Wifi Kontrakan', 250000, '2025-11-01 15:26:06', '2025-11-01 15:26:19', '2025-10-28 23:55:48', '2025-11', 1, NULL);
INSERT INTO "expenses" ("id", "note", "amount", "created_at", "updated_at", "date", "month", "user_id", "category_id") VALUES (10, 'Tap Cash', 250000, '2025-11-01 15:26:42', '2025-11-01 15:27:52', '2025-10-28 23:55:48', '2025-11', 1, NULL);
INSERT INTO "expenses" ("id", "note", "amount", "created_at", "updated_at", "date", "month", "user_id", "category_id") VALUES (11, 'Ojol / Bensin / Parkir', 250000, '2025-11-01 15:28:40', '2025-11-17 01:53:36', '2025-10-28 23:55:48', '2025-11', 1, NULL);
INSERT INTO "expenses" ("id", "note", "amount", "created_at", "updated_at", "date", "month", "user_id", "category_id") VALUES (12, 'Belanja Shopee', 978000, '2025-11-01 15:30:11', '2025-11-01 15:30:33', '2025-10-28 23:55:48', '2025-11', 1, NULL);
INSERT INTO "expenses" ("id", "note", "amount", "created_at", "updated_at", "date", "month", "user_id", "category_id") VALUES (13, 'Lain-Lain', 312000, '2025-11-04 02:04:14', '2025-11-11 03:23:57', '2025-10-28 23:55:48', '2025-11', 1, NULL);
INSERT INTO "expenses" ("id", "note", "amount", "created_at", "updated_at", "date", "month", "user_id", "category_id") VALUES (14, 'Beli Buku', 6000, '2025-11-07 00:07:34', '2025-11-09 00:37:25', '2025-10-28 23:55:48', '2025-11', 4, NULL);
INSERT INTO "expenses" ("id", "note", "amount", "created_at", "updated_at", "date", "month", "user_id", "category_id") VALUES (15, 'Jajan', 25000, '2025-11-07 01:16:49', '2025-11-07 01:17:28', '2025-10-28 23:55:48', '2025-11', 1, NULL);
INSERT INTO "expenses" ("id", "note", "amount", "created_at", "updated_at", "date", "month", "user_id", "category_id") VALUES (16, 'For mylove', 500000, '2025-11-07 07:54:48', '2025-11-07 08:00:20', '2025-10-28 23:55:48', '2025-11', 7, NULL);
INSERT INTO "expenses" ("id", "note", "amount", "created_at", "updated_at", "date", "month", "user_id", "category_id") VALUES (17, 'gold', 1620000, '2025-11-07 08:00:42', '2025-11-07 08:09:05', '2025-10-28 23:55:48', '2025-11', 7, NULL);
INSERT INTO "expenses" ("id", "note", "amount", "created_at", "updated_at", "date", "month", "user_id", "category_id") VALUES (18, 'nyumbang', 219074, '2025-11-07 08:09:58', '2025-11-30 10:12:00', '2025-10-28 23:55:48', '2025-11', 7, NULL);
INSERT INTO "expenses" ("id", "note", "amount", "created_at", "updated_at", "date", "month", "user_id", "category_id") VALUES (19, 'tiket kereta', 458220, '2025-11-07 08:10:07', '2025-11-30 10:13:53', '2025-10-28 23:55:48', '2025-11', 7, NULL);
INSERT INTO "expenses" ("id", "note", "amount", "created_at", "updated_at", "date", "month", "user_id", "category_id") VALUES (20, 'body care', 62534, '2025-11-07 08:10:23', '2025-11-07 08:17:29', '2025-10-28 23:55:48', '2025-11', 7, NULL);
INSERT INTO "expenses" ("id", "note", "amount", "created_at", "updated_at", "date", "month", "user_id", "category_id") VALUES (21, 'gift', 759500, '2025-11-07 08:17:50', '2025-11-30 10:15:00', '2025-10-28 23:55:48', '2025-11', 7, NULL);
INSERT INTO "expenses" ("id", "note", "amount", "created_at", "updated_at", "date", "month", "user_id", "category_id") VALUES (22, 'Tabungan', 1050000, '2025-11-07 08:21:32', '2025-11-07 08:22:03', '2025-10-28 23:55:48', '2025-11', 7, NULL);
INSERT INTO "expenses" ("id", "note", "amount", "created_at", "updated_at", "date", "month", "user_id", "category_id") VALUES (23, '1000000', 0, '2025-11-07 15:21:10', '2025-11-07 15:21:10', '2025-10-28 23:55:48', '2025-11', 10, NULL);
INSERT INTO "expenses" ("id", "note", "amount", "created_at", "updated_at", "date", "month", "user_id", "category_id") VALUES (24, 'Belanja bulanan 500000', 250000, '2025-11-08 05:16:17', '2025-11-08 05:17:03', '2025-10-28 23:55:48', '2025-11', 11, NULL);
INSERT INTO "expenses" ("id", "note", "amount", "created_at", "updated_at", "date", "month", "user_id", "category_id") VALUES (25, 'Belanja bulanan 500000', 0, '2025-11-08 05:28:05', '2025-11-08 05:28:05', '2025-10-28 23:55:48', '2025-11', 11, NULL);
INSERT INTO "expenses" ("id", "note", "amount", "created_at", "updated_at", "date", "month", "user_id", "category_id") VALUES (26, 'Jajan', 10500, '2025-11-08 10:10:49', '2025-11-09 00:47:12', '2025-10-28 23:55:48', '2025-11', 4, NULL);
INSERT INTO "expenses" ("id", "note", "amount", "created_at", "updated_at", "date", "month", "user_id", "category_id") VALUES (27, 'Passport', 950000, '2025-11-17 11:43:50', '2025-11-17 11:44:51', '2025-10-28 23:55:48', '2025-11', 7, NULL);
INSERT INTO "expenses" ("id", "note", "amount", "created_at", "updated_at", "date", "month", "user_id", "category_id") VALUES (28, 'Pulsa', 50500, '2025-11-17 11:51:38', '2025-11-17 11:53:02', '2025-10-28 23:55:48', '2025-11', 7, NULL);
INSERT INTO "expenses" ("id", "note", "amount", "created_at", "updated_at", "date", "month", "user_id", "category_id") VALUES (29, 'E-money', 101500, '2025-11-17 11:53:24', '2025-11-17 11:53:53', '2025-10-28 23:55:48', '2025-11', 7, NULL);
INSERT INTO "expenses" ("id", "note", "amount", "created_at", "updated_at", "date", "month", "user_id", "category_id") VALUES (30, 'Jajan', 1287892, '2025-11-17 11:57:14', '2025-11-30 10:18:09', '2025-10-28 23:55:48', '2025-11', 7, NULL);
INSERT INTO "expenses" ("id", "note", "amount", "created_at", "updated_at", "date", "month", "user_id", "category_id") VALUES (31, 'Kondangan', 900435, '2025-11-26 11:52:12', '2025-12-26 01:24:54', '2025-10-28 23:55:48', '2025-12', 7, NULL);
INSERT INTO "expenses" ("id", "note", "amount", "created_at", "updated_at", "date", "month", "user_id", "category_id") VALUES (32, 'Libur', 1502898, '2025-11-26 11:53:11', '2026-01-01 05:13:00', '2025-10-28 23:55:48', '2025-12', 7, NULL);
INSERT INTO "expenses" ("id", "note", "amount", "created_at", "updated_at", "date", "month", "user_id", "category_id") VALUES (33, 'For my love', 500000, '2025-11-26 11:54:55', '2025-11-26 11:55:16', '2025-10-28 23:55:48', '2025-12', 7, NULL);
INSERT INTO "expenses" ("id", "note", "amount", "created_at", "updated_at", "date", "month", "user_id", "category_id") VALUES (34, 'Kebutuhan Wajib', 150000, '2025-11-26 11:55:38', '2025-12-08 01:48:15', '2025-10-28 23:55:48', '2025-12', 7, NULL);
INSERT INTO "expenses" ("id", "note", "amount", "created_at", "updated_at", "date", "month", "user_id", "category_id") VALUES (35, 'Dana darurat', 500000, '2025-11-26 11:56:31', '2025-11-26 11:57:01', '2025-10-28 23:55:48', '2025-12', 7, NULL);
INSERT INTO "expenses" ("id", "note", "amount", "created_at", "updated_at", "date", "month", "user_id", "category_id") VALUES (36, 'Tabungan', 1000000, '2025-11-26 11:56:37', '2025-12-01 06:57:02', '2025-10-28 23:55:48', '2025-12', 7, NULL);
INSERT INTO "expenses" ("id", "note", "amount", "created_at", "updated_at", "date", "month", "user_id", "category_id") VALUES (37, 'Kebutuhan', 359328, '2025-11-30 10:18:56', '2026-01-01 01:20:56', '2025-10-28 23:55:48', '2025-12', 7, NULL);
INSERT INTO "expenses" ("id", "note", "amount", "created_at", "updated_at", "date", "month", "user_id", "category_id") VALUES (38, 'Jajan', 1433065, '2025-12-01 14:27:23', '2026-01-01 01:20:26', '2025-10-28 23:55:48', '2025-12', 7, NULL);
INSERT INTO "expenses" ("id", "note", "amount", "created_at", "updated_at", "date", "month", "user_id", "category_id") VALUES (39, 'Listrik', 250000, '2025-12-02 00:28:24', '2025-12-03 12:02:55', '2025-10-28 23:55:48', '2025-12', 1, NULL);
INSERT INTO "expenses" ("id", "note", "amount", "created_at", "updated_at", "date", "month", "user_id", "category_id") VALUES (40, 'E-Money', 200000, '2025-12-02 01:01:39', '2025-12-03 12:50:31', '2025-10-28 23:55:48', '2025-12', 1, NULL);
INSERT INTO "expenses" ("id", "note", "amount", "created_at", "updated_at", "date", "month", "user_id", "category_id") VALUES (41, 'Ojol', 150000, '2025-12-02 01:16:35', '2025-12-31 10:34:10', '2025-10-28 23:55:48', '2025-12', 1, NULL);
INSERT INTO "expenses" ("id", "note", "amount", "created_at", "updated_at", "date", "month", "user_id", "category_id") VALUES (42, 'Kontrakan', 1600000, '2025-12-02 12:09:16', '2025-12-02 12:09:33', '2025-10-28 23:55:48', '2025-12', 1, NULL);
INSERT INTO "expenses" ("id", "note", "amount", "created_at", "updated_at", "date", "month", "user_id", "category_id") VALUES (43, 'Kapling', 1000000, '2025-12-02 13:54:28', '2025-12-02 14:00:33', '2025-10-28 23:55:48', '2025-12', 1, NULL);
INSERT INTO "expenses" ("id", "note", "amount", "created_at", "updated_at", "date", "month", "user_id", "category_id") VALUES (44, 'Belanja Bulanan', 40000, '2025-12-03 12:01:27', '2025-12-03 12:02:07', '2025-10-28 23:55:48', '2025-12', 1, NULL);
INSERT INTO "expenses" ("id", "note", "amount", "created_at", "updated_at", "date", "month", "user_id", "category_id") VALUES (45, 'Tabungan bulan Desember', 1000000, '2025-12-03 12:04:40', '2025-12-03 12:04:57', '2025-10-28 23:55:48', '2025-12', 1, NULL);
INSERT INTO "expenses" ("id", "note", "amount", "created_at", "updated_at", "date", "month", "user_id", "category_id") VALUES (46, 'Lain-lain', 722000, '2025-12-03 12:05:31', '2025-12-04 12:50:00', '2025-10-28 23:55:48', '2025-12', 1, NULL);
INSERT INTO "expenses" ("id", "note", "amount", "created_at", "updated_at", "date", "month", "user_id", "category_id") VALUES (47, 'Uang Lingkungan', 60000, '2025-12-03 12:20:48', '2025-12-03 12:21:06', '2025-10-28 23:55:48', '2025-12', 1, NULL);
INSERT INTO "expenses" ("id", "note", "amount", "created_at", "updated_at", "date", "month", "user_id", "category_id") VALUES (48, 'Wifi Kontrakan', 255000, '2025-12-03 12:21:36', '2025-12-03 12:23:40', '2025-10-28 23:55:48', '2025-12', 1, NULL);
INSERT INTO "expenses" ("id", "note", "amount", "created_at", "updated_at", "date", "month", "user_id", "category_id") VALUES (49, 'Kasih Ortu', 500000, '2025-12-03 12:24:05', '2025-12-03 23:33:04', '2025-10-28 23:55:48', '2025-12', 1, NULL);
INSERT INTO "expenses" ("id", "note", "amount", "created_at", "updated_at", "date", "month", "user_id", "category_id") VALUES (50, 'Kasih Mertua', 500000, '2025-12-03 12:24:09', '2025-12-03 23:33:10', '2025-10-28 23:55:48', '2025-12', 1, NULL);
INSERT INTO "expenses" ("id", "note", "amount", "created_at", "updated_at", "date", "month", "user_id", "category_id") VALUES (51, 'Belanja Mingguan (satu juta)', 900000, '2025-12-03 12:25:48', '2025-12-04 12:49:24', '2025-10-28 23:55:48', '2025-12', 1, NULL);
INSERT INTO "expenses" ("id", "note", "amount", "created_at", "updated_at", "date", "month", "user_id", "category_id") VALUES (52, 'BPJS', 140000, '2025-12-04 00:56:45', '2025-12-04 00:57:41', '2025-10-28 23:55:48', '2025-12', 1, NULL);
INSERT INTO "expenses" ("id", "note", "amount", "created_at", "updated_at", "date", "month", "user_id", "category_id") VALUES (53, 'Listrik Januari 2026', 200000, '2025-12-29 15:39:11', '2025-12-29 15:39:43', '2025-10-28 23:55:48', '2026-01', 1, NULL);
INSERT INTO "expenses" ("id", "note", "amount", "created_at", "updated_at", "date", "month", "user_id", "category_id") VALUES (54, 'Ojol', 150000, '2025-12-29 15:41:19', '2025-12-31 10:35:50', '2025-10-28 23:55:48', '2026-01', 1, NULL);
INSERT INTO "expenses" ("id", "note", "amount", "created_at", "updated_at", "date", "month", "user_id", "category_id") VALUES (55, 'Belanja Mingguan', 348000, '2025-12-29 15:42:19', '2026-01-04 02:46:29', '2025-10-28 23:55:48', '2026-01', 1, NULL);
INSERT INTO "expenses" ("id", "note", "amount", "created_at", "updated_at", "date", "month", "user_id", "category_id") VALUES (56, 'Lain-lain', 341000, '2025-12-29 15:43:18', '2026-01-04 02:45:37', '2025-10-28 23:55:48', '2026-01', 1, NULL);
INSERT INTO "expenses" ("id", "note", "amount", "created_at", "updated_at", "date", "month", "user_id", "category_id") VALUES (57, 'Tabungan', 1000000, '2025-12-30 03:38:44', '2025-12-30 03:38:57', '2025-10-28 23:55:48', '2026-01', 1, NULL);
INSERT INTO "expenses" ("id", "note", "amount", "created_at", "updated_at", "date", "month", "user_id", "category_id") VALUES (58, 'Belanja Bulanan', 402000, '2025-12-30 13:42:49', '2025-12-30 13:43:08', '2025-10-28 23:55:48', '2026-01', 1, NULL);
INSERT INTO "expenses" ("id", "note", "amount", "created_at", "updated_at", "date", "month", "user_id", "category_id") VALUES (59, 'keWAJIBan', 275000, '2026-01-01 05:19:53', '2026-01-02 07:20:33', '2025-10-28 23:55:48', '2026-01', 7, NULL);
INSERT INTO "expenses" ("id", "note", "amount", "created_at", "updated_at", "date", "month", "user_id", "category_id") VALUES (60, 'My love', 500000, '2026-01-01 05:21:48', '2026-01-01 05:23:52', '2025-10-28 23:55:48', '2026-01', 7, NULL);
INSERT INTO "expenses" ("id", "note", "amount", "created_at", "updated_at", "date", "month", "user_id", "category_id") VALUES (61, 'Saving', 1500000, '2026-01-01 05:25:10', '2026-01-01 05:45:51', '2025-10-28 23:55:48', '2026-01', 7, NULL);
INSERT INTO "expenses" ("id", "note", "amount", "created_at", "updated_at", "date", "month", "user_id", "category_id") VALUES (62, 'Libur', 256000, '2026-01-01 05:28:56', '2026-01-01 05:41:17', '2025-10-28 23:55:48', '2026-01', 7, NULL);
INSERT INTO "expenses" ("id", "note", "amount", "created_at", "updated_at", "date", "month", "user_id", "category_id") VALUES (63, 'Buying', 531447, '2026-01-01 05:43:28', '2026-01-04 06:07:51', '2025-10-28 23:55:48', '2026-01', 7, NULL);
INSERT INTO "expenses" ("id", "note", "amount", "created_at", "updated_at", "date", "month", "user_id", "category_id") VALUES (64, 'Kontrakan Januari', 1600000, '2026-01-01 10:17:21', '2026-01-01 10:17:46', '2025-10-28 23:55:48', '2026-01', 1, NULL);
INSERT INTO "expenses" ("id", "note", "amount", "created_at", "updated_at", "date", "month", "user_id", "category_id") VALUES (65, 'Kebutuhan bulanan', 491620, '2026-01-02 07:39:55', '2026-01-04 06:07:18', '2025-10-28 23:55:48', '2026-01', 7, NULL);
INSERT INTO "expenses" ("id", "note", "amount", "created_at", "updated_at", "date", "month", "user_id", "category_id") VALUES (66, 'Bayar Afif', 200000, '2026-01-02 10:57:01', '2026-01-02 10:58:01', '2025-10-28 23:55:48', '2026-01', 5, NULL);
INSERT INTO "expenses" ("id", "note", "amount", "created_at", "updated_at", "date", "month", "user_id", "category_id") VALUES (67, 'Bayar Kapling Januari', 1000000, '2026-01-04 02:42:32', '2026-01-04 02:42:49', '2025-10-28 23:55:48', '2026-01', 1, NULL);
INSERT INTO "expenses" ("id", "note", "amount", "created_at", "updated_at", "date", "month", "user_id", "category_id") VALUES (68, 'Iuran lingkungan', 70000, '2026-01-04 02:47:10', '2026-01-04 02:47:26', '2025-10-28 23:55:48', '2026-01', 1, NULL);
INSERT INTO "expenses" ("id", "note", "amount", "created_at", "updated_at", "date", "month", "user_id", "category_id") VALUES (69, '10000 Nasi goreng', 0, '2026-01-25 15:45:47', '2026-01-25 15:45:47', '2026-01-18 08:00:25', '2026-01', 1, 1);

INSERT INTO "expense_details" ("id", "expense_id", "name", "qty", "price", "created_at", "updated_at", "is_checked") VALUES (1, 1, 'Sabun Cuci Piring', 1, 8500, '2025-11-01 10:12:24', '2025-11-01 15:19:22', TRUE);
INSERT INTO "expense_details" ("id", "expense_id", "name", "qty", "price", "created_at", "updated_at", "is_checked") VALUES (2, 1, 'Sabun Mandi', 1, 18000, '2025-11-01 10:14:23', '2025-11-01 15:19:23', TRUE);
INSERT INTO "expense_details" ("id", "expense_id", "name", "qty", "price", "created_at", "updated_at", "is_checked") VALUES (3, 1, 'Sampo', 1, 18000, '2025-11-01 10:14:37', '2025-11-01 15:19:25', TRUE);
INSERT INTO "expense_details" ("id", "expense_id", "name", "qty", "price", "created_at", "updated_at", "is_checked") VALUES (4, 1, 'Gula Pasir', 1, 10000, '2025-11-01 10:16:49', '2025-11-05 00:31:06', TRUE);
INSERT INTO "expense_details" ("id", "expense_id", "name", "qty", "price", "created_at", "updated_at", "is_checked") VALUES (5, 1, 'Gula Aren', 1, 10000, '2025-11-01 10:17:04', '2025-11-05 00:31:07', TRUE);
INSERT INTO "expense_details" ("id", "expense_id", "name", "qty", "price", "created_at", "updated_at", "is_checked") VALUES (6, 1, 'Gas LPG 1', 1, 22000, '2025-11-01 14:59:23', '2025-11-05 00:30:55', TRUE);
INSERT INTO "expense_details" ("id", "expense_id", "name", "qty", "price", "created_at", "updated_at", "is_checked") VALUES (7, 1, 'Gas LPG 2', 1, 22000, '2025-11-01 14:59:37', '2025-12-02 01:20:17', TRUE);
INSERT INTO "expense_details" ("id", "expense_id", "name", "qty", "price", "created_at", "updated_at", "is_checked") VALUES (8, 1, 'Air Galon 1', 1, 20000, '2025-11-01 15:00:02', '2025-11-05 23:24:58', TRUE);
INSERT INTO "expense_details" ("id", "expense_id", "name", "qty", "price", "created_at", "updated_at", "is_checked") VALUES (9, 1, 'Air Galon 2', 1, 20000, '2025-11-01 15:00:16', '2025-12-02 01:20:20', TRUE);
INSERT INTO "expense_details" ("id", "expense_id", "name", "qty", "price", "created_at", "updated_at", "is_checked") VALUES (10, 1, 'Air Galon 3', 1, 20000, '2025-11-01 15:00:40', '2025-12-02 01:20:21', TRUE);
INSERT INTO "expense_details" ("id", "expense_id", "name", "qty", "price", "created_at", "updated_at", "is_checked") VALUES (11, 1, 'Air Galon 4', 1, 20000, '2025-11-01 15:00:58', '2025-12-02 01:20:23', TRUE);
INSERT INTO "expense_details" ("id", "expense_id", "name", "qty", "price", "created_at", "updated_at", "is_checked") VALUES (12, 1, 'Tepung Terigu', 1, 16000, '2025-11-01 15:01:14', '2025-11-01 15:19:30', TRUE);
INSERT INTO "expense_details" ("id", "expense_id", "name", "qty", "price", "created_at", "updated_at", "is_checked") VALUES (13, 1, 'Tepung Meizena', 1, 6000, '2025-11-01 15:01:33', '2025-11-01 15:19:31', TRUE);
INSERT INTO "expense_details" ("id", "expense_id", "name", "qty", "price", "created_at", "updated_at", "is_checked") VALUES (14, 1, 'Kopi', 1, 24000, '2025-11-01 15:01:58', '2025-11-01 15:19:32', TRUE);
INSERT INTO "expense_details" ("id", "expense_id", "name", "qty", "price", "created_at", "updated_at", "is_checked") VALUES (15, 1, 'Minyak Goreng 1', 1, 19000, '2025-11-01 15:02:51', '2025-11-01 15:19:33', TRUE);
INSERT INTO "expense_details" ("id", "expense_id", "name", "qty", "price", "created_at", "updated_at", "is_checked") VALUES (16, 1, 'Minyak Goreng 2', 1, 19000, '2025-11-01 15:03:03', '2025-11-01 15:19:35', TRUE);
INSERT INTO "expense_details" ("id", "expense_id", "name", "qty", "price", "created_at", "updated_at", "is_checked") VALUES (17, 1, 'Beras 1', 1, 74500, '2025-11-01 15:07:38', '2025-11-01 15:19:37', TRUE);
INSERT INTO "expense_details" ("id", "expense_id", "name", "qty", "price", "created_at", "updated_at", "is_checked") VALUES (18, 1, 'Beras 2', 1, 74500, '2025-11-01 15:07:49', '2025-11-01 15:19:38', TRUE);
INSERT INTO "expense_details" ("id", "expense_id", "name", "qty", "price", "created_at", "updated_at", "is_checked") VALUES (19, 1, 'Beras 3', 1, 74500, '2025-11-01 15:07:59', '2025-11-01 15:19:39', TRUE);
INSERT INTO "expense_details" ("id", "expense_id", "name", "qty", "price", "created_at", "updated_at", "is_checked") VALUES (20, 1, 'Sabun Cuci Pakaian 1', 1, 13400, '2025-11-01 15:18:19', '2025-11-01 15:19:42', TRUE);
INSERT INTO "expense_details" ("id", "expense_id", "name", "qty", "price", "created_at", "updated_at", "is_checked") VALUES (21, 1, 'Sabun Cuci Pakaian 2', 1, 13400, '2025-11-01 15:18:31', '2025-11-01 15:19:43', TRUE);
INSERT INTO "expense_details" ("id", "expense_id", "name", "qty", "price", "created_at", "updated_at", "is_checked") VALUES (22, 1, 'Pewangi Pakaian 1', 1, 8900, '2025-11-01 15:19:01', '2025-11-01 15:19:43', TRUE);
INSERT INTO "expense_details" ("id", "expense_id", "name", "qty", "price", "created_at", "updated_at", "is_checked") VALUES (23, 1, 'Pewangi Pakaian 2', 1, 8900, '2025-11-01 15:19:10', '2025-11-01 15:19:45', TRUE);
INSERT INTO "expense_details" ("id", "expense_id", "name", "qty", "price", "created_at", "updated_at", "is_checked") VALUES (24, 2, 'Minggu 1', 1, 250000, '2025-11-01 15:20:30', '2025-11-01 15:20:35', TRUE);
INSERT INTO "expense_details" ("id", "expense_id", "name", "qty", "price", "created_at", "updated_at", "is_checked") VALUES (25, 2, 'Minggu 2', 1, 180000, '2025-11-04 01:56:20', '2025-11-04 01:56:26', TRUE);
INSERT INTO "expense_details" ("id", "expense_id", "name", "qty", "price", "created_at", "updated_at", "is_checked") VALUES (26, 2, 'Minggu 4', 1, 320000, '2025-11-04 02:03:52', '2025-12-02 01:20:35', TRUE);
INSERT INTO "expense_details" ("id", "expense_id", "name", "qty", "price", "created_at", "updated_at", "is_checked") VALUES (27, 2, 'Minggu 3 part 1', 1, 100000, '2025-11-05 23:26:26', '2025-11-05 23:26:30', TRUE);
INSERT INTO "expense_details" ("id", "expense_id", "name", "qty", "price", "created_at", "updated_at", "is_checked") VALUES (28, 2, 'Minggu 3 part 2', 1, 150000, '2025-11-05 23:26:45', '2025-11-08 01:56:55', TRUE);
INSERT INTO "expense_details" ("id", "expense_id", "name", "qty", "price", "created_at", "updated_at", "is_checked") VALUES (29, 2, 'Minggu 4 part 1', 1, 100000, '2025-11-12 22:54:49', '2025-11-12 22:54:54', TRUE);
INSERT INTO "expense_details" ("id", "expense_id", "name", "qty", "price", "created_at", "updated_at", "is_checked") VALUES (30, 3, 'Bulan November', 1, 1600000, '2025-11-01 15:21:17', '2025-11-01 15:21:26', TRUE);
INSERT INTO "expense_details" ("id", "expense_id", "name", "qty", "price", "created_at", "updated_at", "is_checked") VALUES (31, 4, 'Bulan November', 1, 250000, '2025-11-01 15:22:14', '2025-11-01 15:22:17', TRUE);
INSERT INTO "expense_details" ("id", "expense_id", "name", "qty", "price", "created_at", "updated_at", "is_checked") VALUES (32, 5, 'Bulan November', 1, 60000, '2025-11-01 15:22:44', '2025-11-01 15:22:58', TRUE);
INSERT INTO "expense_details" ("id", "expense_id", "name", "qty", "price", "created_at", "updated_at", "is_checked") VALUES (33, 6, 'Ibu', 1, 700000, '2025-11-01 15:23:40', '2025-11-01 15:23:53', TRUE);
INSERT INTO "expense_details" ("id", "expense_id", "name", "qty", "price", "created_at", "updated_at", "is_checked") VALUES (34, 6, 'Ibu Mertua', 1, 500000, '2025-11-01 15:23:50', '2025-11-01 15:23:52', TRUE);
INSERT INTO "expense_details" ("id", "expense_id", "name", "qty", "price", "created_at", "updated_at", "is_checked") VALUES (35, 7, 'Bulan November', 1, 1000000, '2025-11-01 15:24:48', '2025-11-01 15:24:51', TRUE);
INSERT INTO "expense_details" ("id", "expense_id", "name", "qty", "price", "created_at", "updated_at", "is_checked") VALUES (36, 8, 'Bulan November', 1, 75000, '2025-11-01 15:25:44', '2025-11-01 15:25:44', FALSE);
INSERT INTO "expense_details" ("id", "expense_id", "name", "qty", "price", "created_at", "updated_at", "is_checked") VALUES (37, 9, 'Bulan November', 1, 250000, '2025-11-01 15:26:19', '2025-11-04 14:45:01', TRUE);
INSERT INTO "expense_details" ("id", "expense_id", "name", "qty", "price", "created_at", "updated_at", "is_checked") VALUES (38, 10, 'Fase 1', 1, 50000, '2025-11-01 15:26:58', '2025-11-01 15:27:55', TRUE);
INSERT INTO "expense_details" ("id", "expense_id", "name", "qty", "price", "created_at", "updated_at", "is_checked") VALUES (39, 10, 'Fase 2', 1, 50000, '2025-11-01 15:27:20', '2025-11-05 03:01:55', TRUE);
INSERT INTO "expense_details" ("id", "expense_id", "name", "qty", "price", "created_at", "updated_at", "is_checked") VALUES (40, 10, 'Fase 3', 1, 50000, '2025-11-01 15:27:32', '2025-11-11 01:16:37', TRUE);
INSERT INTO "expense_details" ("id", "expense_id", "name", "qty", "price", "created_at", "updated_at", "is_checked") VALUES (41, 10, 'Fase 4', 1, 50000, '2025-11-01 15:27:41', '2025-11-17 02:48:51', TRUE);
INSERT INTO "expense_details" ("id", "expense_id", "name", "qty", "price", "created_at", "updated_at", "is_checked") VALUES (42, 10, 'Fase 5', 1, 50000, '2025-11-01 15:27:52', '2025-11-01 15:27:52', FALSE);
INSERT INTO "expense_details" ("id", "expense_id", "name", "qty", "price", "created_at", "updated_at", "is_checked") VALUES (43, 11, 'Fase 1', 1, 50000, '2025-11-01 15:28:53', '2025-11-01 15:29:42', TRUE);
INSERT INTO "expense_details" ("id", "expense_id", "name", "qty", "price", "created_at", "updated_at", "is_checked") VALUES (44, 11, 'Fase 2', 1, 50000, '2025-11-01 15:29:10', '2025-11-04 00:45:55', TRUE);
INSERT INTO "expense_details" ("id", "expense_id", "name", "qty", "price", "created_at", "updated_at", "is_checked") VALUES (45, 11, 'Fase 3', 1, 50000, '2025-11-01 15:29:18', '2025-11-06 14:20:56', TRUE);
INSERT INTO "expense_details" ("id", "expense_id", "name", "qty", "price", "created_at", "updated_at", "is_checked") VALUES (46, 11, 'Fase 4', 1, 50000, '2025-11-01 15:29:30', '2025-11-10 01:02:41', TRUE);
INSERT INTO "expense_details" ("id", "expense_id", "name", "qty", "price", "created_at", "updated_at", "is_checked") VALUES (47, 11, 'Fase 5', 1, 50000, '2025-11-17 01:53:36', '2025-11-17 01:53:38', TRUE);
INSERT INTO "expense_details" ("id", "expense_id", "name", "qty", "price", "created_at", "updated_at", "is_checked") VALUES (48, 12, 'total 1', 1, 978000, '2025-11-01 15:30:33', '2025-11-01 15:30:36', TRUE);
INSERT INTO "expense_details" ("id", "expense_id", "name", "qty", "price", "created_at", "updated_at", "is_checked") VALUES (49, 13, 'Beli Mangga', 1, 15000, '2025-11-04 02:04:34', '2025-11-04 02:04:48', TRUE);
INSERT INTO "expense_details" ("id", "expense_id", "name", "qty", "price", "created_at", "updated_at", "is_checked") VALUES (50, 13, 'Lauk Naspad', 1, 30000, '2025-11-04 02:04:46', '2025-11-06 19:08:11', TRUE);
INSERT INTO "expense_details" ("id", "expense_id", "name", "qty", "price", "created_at", "updated_at", "is_checked") VALUES (51, 13, 'Lain-lain', 1, 100000, '2025-11-07 00:04:39', '2025-11-07 00:04:41', TRUE);
INSERT INTO "expense_details" ("id", "expense_id", "name", "qty", "price", "created_at", "updated_at", "is_checked") VALUES (52, 13, 'Makan siang hari jumat l', 1, 30000, '2025-11-09 10:51:03', '2025-11-09 10:51:05', TRUE);
INSERT INTO "expense_details" ("id", "expense_id", "name", "qty", "price", "created_at", "updated_at", "is_checked") VALUES (53, 13, 'Persiapan kunjungan temen adek', 1, 100000, '2025-11-09 10:52:10', '2025-11-09 10:52:13', TRUE);
INSERT INTO "expense_details" ("id", "expense_id", "name", "qty", "price", "created_at", "updated_at", "is_checked") VALUES (54, 13, 'Beli alat torch', 1, 37000, '2025-11-11 03:23:57', '2025-12-02 01:20:56', TRUE);
INSERT INTO "expense_details" ("id", "expense_id", "name", "qty", "price", "created_at", "updated_at", "is_checked") VALUES (55, 14, 'Nasi padang', 1, 1000, '2025-11-07 08:44:54', '2025-11-07 08:45:02', TRUE);
INSERT INTO "expense_details" ("id", "expense_id", "name", "qty", "price", "created_at", "updated_at", "is_checked") VALUES (56, 14, 'Bakso', 1, 5000, '2025-11-08 10:10:30', '2025-11-08 10:10:40', TRUE);
INSERT INTO "expense_details" ("id", "expense_id", "name", "qty", "price", "created_at", "updated_at", "is_checked") VALUES (57, 15, 'Susu', 1, 25000, '2025-11-07 01:17:28', '2025-11-09 10:50:30', TRUE);
INSERT INTO "expense_details" ("id", "expense_id", "name", "qty", "price", "created_at", "updated_at", "is_checked") VALUES (58, 16, 'untuk mylove', 1, 500000, '2025-11-07 07:59:43', '2025-11-07 08:11:47', TRUE);
INSERT INTO "expense_details" ("id", "expense_id", "name", "qty", "price", "created_at", "updated_at", "is_checked") VALUES (59, 17, 'gold 0.5 gr', 1, 1620000, '2025-11-07 08:09:05', '2025-11-07 08:11:40', TRUE);
INSERT INTO "expense_details" ("id", "expense_id", "name", "qty", "price", "created_at", "updated_at", "is_checked") VALUES (60, 18, 'undangan Dedy', 1, 50000, '2025-11-07 08:12:06', '2025-11-07 08:12:09', TRUE);
INSERT INTO "expense_details" ("id", "expense_id", "name", "qty", "price", "created_at", "updated_at", "is_checked") VALUES (61, 18, 'Set kebaya syifa', 1, 169074, '2025-11-17 11:50:05', '2025-11-17 11:50:07', TRUE);
INSERT INTO "expense_details" ("id", "expense_id", "name", "qty", "price", "created_at", "updated_at", "is_checked") VALUES (62, 19, 'Leles-Lempuyangan', 1, 83200, '2025-11-07 08:11:13', '2025-11-07 08:11:24', TRUE);
INSERT INTO "expense_details" ("id", "expense_id", "name", "qty", "price", "created_at", "updated_at", "is_checked") VALUES (63, 19, 'Lempuyangan-Walikukun', 1, 80000, '2025-11-17 11:45:59', '2025-11-17 11:46:04', TRUE);
INSERT INTO "expense_details" ("id", "expense_id", "name", "qty", "price", "created_at", "updated_at", "is_checked") VALUES (64, 19, 'Pekalongan-Bandung', 1, 230000, '2025-11-30 10:13:22', '2025-11-30 10:13:25', TRUE);
INSERT INTO "expense_details" ("id", "expense_id", "name", "qty", "price", "created_at", "updated_at", "is_checked") VALUES (65, 19, 'Bandung-Garut', 1, 65020, '2025-11-30 10:13:53', '2025-11-30 10:13:56', TRUE);
INSERT INTO "expense_details" ("id", "expense_id", "name", "qty", "price", "created_at", "updated_at", "is_checked") VALUES (66, 20, 'sabun mandi', 1, 38017, '2025-11-07 08:17:09', '2025-11-07 08:17:32', TRUE);
INSERT INTO "expense_details" ("id", "expense_id", "name", "qty", "price", "created_at", "updated_at", "is_checked") VALUES (67, 20, 'handbody', 1, 24517, '2025-11-07 08:17:29', '2025-11-07 08:17:34', TRUE);
INSERT INTO "expense_details" ("id", "expense_id", "name", "qty", "price", "created_at", "updated_at", "is_checked") VALUES (68, 21, 'The krucils', 1, 309500, '2025-11-17 11:46:51', '2025-11-17 11:46:54', TRUE);
INSERT INTO "expense_details" ("id", "expense_id", "name", "qty", "price", "created_at", "updated_at", "is_checked") VALUES (69, 21, 'Back to ETM', 1, 450000, '2025-11-30 10:15:00', '2025-11-30 10:15:04', TRUE);
INSERT INTO "expense_details" ("id", "expense_id", "name", "qty", "price", "created_at", "updated_at", "is_checked") VALUES (70, 22, 'BSI', 1, 1050000, '2025-11-07 08:22:03', '2025-11-07 08:22:08', TRUE);
INSERT INTO "expense_details" ("id", "expense_id", "name", "qty", "price", "created_at", "updated_at", "is_checked") VALUES (71, 24, 'Sayuran', 5, 50000, '2025-11-08 05:17:03', '2025-11-08 05:17:03', FALSE);
INSERT INTO "expense_details" ("id", "expense_id", "name", "qty", "price", "created_at", "updated_at", "is_checked") VALUES (72, 26, 'Cilok', 1, 500, '2025-11-08 10:11:07', '2025-11-09 00:47:16', TRUE);
INSERT INTO "expense_details" ("id", "expense_id", "name", "qty", "price", "created_at", "updated_at", "is_checked") VALUES (73, 26, 'Cireng', 1, 5000, '2025-11-09 00:46:18', '2025-11-09 00:46:18', FALSE);
INSERT INTO "expense_details" ("id", "expense_id", "name", "qty", "price", "created_at", "updated_at", "is_checked") VALUES (74, 26, 'Cilung', 1, 5000, '2025-11-09 00:47:12', '2025-11-09 00:47:13', TRUE);
INSERT INTO "expense_details" ("id", "expense_id", "name", "qty", "price", "created_at", "updated_at", "is_checked") VALUES (75, 27, 'Passport 10 tahun', 1, 950000, '2025-11-17 11:44:51', '2025-11-17 11:44:54', TRUE);
INSERT INTO "expense_details" ("id", "expense_id", "name", "qty", "price", "created_at", "updated_at", "is_checked") VALUES (76, 28, 'Pulsa telkomsel', 1, 50500, '2025-11-17 11:53:02', '2025-11-17 11:53:05', TRUE);
INSERT INTO "expense_details" ("id", "expense_id", "name", "qty", "price", "created_at", "updated_at", "is_checked") VALUES (77, 29, 'Kartu tol mobil', 1, 101500, '2025-11-17 11:53:52', '2025-11-17 11:54:05', TRUE);
INSERT INTO "expense_details" ("id", "expense_id", "name", "qty", "price", "created_at", "updated_at", "is_checked") VALUES (78, 30, 'Yogya', 1, 260140, '2025-11-17 11:57:38', '2025-11-17 11:57:40', TRUE);
INSERT INTO "expense_details" ("id", "expense_id", "name", "qty", "price", "created_at", "updated_at", "is_checked") VALUES (79, 30, 'Sandal', 1, 115000, '2025-11-17 11:59:17', '2025-11-17 11:59:19', TRUE);
INSERT INTO "expense_details" ("id", "expense_id", "name", "qty", "price", "created_at", "updated_at", "is_checked") VALUES (80, 30, 'Ambil uang', 1, 250000, '2025-11-26 11:47:49', '2025-11-26 11:47:52', TRUE);
INSERT INTO "expense_details" ("id", "expense_id", "name", "qty", "price", "created_at", "updated_at", "is_checked") VALUES (81, 30, 'Penginapan', 1, 239471, '2025-11-26 11:50:14', '2025-11-26 11:50:17', TRUE);
INSERT INTO "expense_details" ("id", "expense_id", "name", "qty", "price", "created_at", "updated_at", "is_checked") VALUES (82, 30, 'Core garden', 1, 79310, '2025-11-26 11:50:43', '2025-11-26 11:50:46', TRUE);
INSERT INTO "expense_details" ("id", "expense_id", "name", "qty", "price", "created_at", "updated_at", "is_checked") VALUES (83, 30, 'Staycation', 1, 239471, '2025-11-30 10:17:14', '2025-11-30 10:17:16', TRUE);
INSERT INTO "expense_details" ("id", "expense_id", "name", "qty", "price", "created_at", "updated_at", "is_checked") VALUES (84, 30, 'Periksa', 1, 70000, '2025-11-30 10:17:27', '2025-11-30 10:17:29', TRUE);
INSERT INTO "expense_details" ("id", "expense_id", "name", "qty", "price", "created_at", "updated_at", "is_checked") VALUES (85, 30, 'Bakso malang', 1, 34500, '2025-11-30 10:18:09', '2025-11-30 10:18:12', TRUE);
INSERT INTO "expense_details" ("id", "expense_id", "name", "qty", "price", "created_at", "updated_at", "is_checked") VALUES (86, 31, 'Gift', 1, 250000, '2025-12-03 22:34:08', '2025-12-14 18:12:52', TRUE);
INSERT INTO "expense_details" ("id", "expense_id", "name", "qty", "price", "created_at", "updated_at", "is_checked") VALUES (87, 31, 'Nyumbang Ninis', 1, 50000, '2025-12-09 05:02:05', '2025-12-09 05:02:07', TRUE);
INSERT INTO "expense_details" ("id", "expense_id", "name", "qty", "price", "created_at", "updated_at", "is_checked") VALUES (88, 31, 'Make up bridesmide', 1, 200435, '2025-12-19 00:48:34', '2025-12-19 00:48:36', TRUE);
INSERT INTO "expense_details" ("id", "expense_id", "name", "qty", "price", "created_at", "updated_at", "is_checked") VALUES (89, 31, 'Mobil + bensin + ketok magic', 1, 400000, '2025-12-26 01:24:54', '2025-12-26 01:24:57', TRUE);
INSERT INTO "expense_details" ("id", "expense_id", "name", "qty", "price", "created_at", "updated_at", "is_checked") VALUES (90, 32, 'Jkt-Grt (15)', 1, 45000, '2025-12-04 10:18:53', '2025-12-04 10:18:55', TRUE);
INSERT INTO "expense_details" ("id", "expense_id", "name", "qty", "price", "created_at", "updated_at", "is_checked") VALUES (91, 32, 'Grt-Jkt', 1, 75000, '2025-12-14 00:18:06', '2025-12-14 00:18:09', TRUE);
INSERT INTO "expense_details" ("id", "expense_id", "name", "qty", "price", "created_at", "updated_at", "is_checked") VALUES (92, 32, 'Gopay', 1, 75000, '2025-12-14 00:18:46', '2025-12-14 00:18:48', TRUE);
INSERT INTO "expense_details" ("id", "expense_id", "name", "qty", "price", "created_at", "updated_at", "is_checked") VALUES (93, 32, 'Inap', 1, 147398, '2025-12-14 18:14:02', '2025-12-14 18:14:05', TRUE);
INSERT INTO "expense_details" ("id", "expense_id", "name", "qty", "price", "created_at", "updated_at", "is_checked") VALUES (94, 32, 'Gopay2', 1, 101000, '2025-12-14 18:15:56', '2025-12-14 18:15:59', TRUE);
INSERT INTO "expense_details" ("id", "expense_id", "name", "qty", "price", "created_at", "updated_at", "is_checked") VALUES (95, 32, 'Grt-Jkt', 1, 110000, '2025-12-19 00:46:25', '2025-12-19 00:46:29', TRUE);
INSERT INTO "expense_details" ("id", "expense_id", "name", "qty", "price", "created_at", "updated_at", "is_checked") VALUES (96, 32, 'Palputih', 1, 50000, '2025-12-19 00:46:39', '2025-12-19 00:46:42', TRUE);
INSERT INTO "expense_details" ("id", "expense_id", "name", "qty", "price", "created_at", "updated_at", "is_checked") VALUES (97, 32, 'S-pay', 1, 100000, '2025-12-19 06:44:54', '2025-12-19 06:44:58', TRUE);
INSERT INTO "expense_details" ("id", "expense_id", "name", "qty", "price", "created_at", "updated_at", "is_checked") VALUES (98, 32, 'E-money', 1, 20000, '2025-12-19 06:45:24', '2025-12-19 06:45:27', TRUE);
INSERT INTO "expense_details" ("id", "expense_id", "name", "qty", "price", "created_at", "updated_at", "is_checked") VALUES (99, 32, 'Bgr-Grt', 1, 90000, '2025-12-26 01:26:05', '2025-12-26 01:26:08', TRUE);
INSERT INTO "expense_details" ("id", "expense_id", "name", "qty", "price", "created_at", "updated_at", "is_checked") VALUES (100, 32, 'Grt-Bgr', 1, 110000, '2025-12-26 01:26:24', '2025-12-26 01:26:27', TRUE);
INSERT INTO "expense_details" ("id", "expense_id", "name", "qty", "price", "created_at", "updated_at", "is_checked") VALUES (101, 32, 'Goapy3', 1, 91600, '2025-12-26 01:30:59', '2025-12-26 01:31:02', TRUE);
INSERT INTO "expense_details" ("id", "expense_id", "name", "qty", "price", "created_at", "updated_at", "is_checked") VALUES (102, 32, 'Gopay4', 1, 46000, '2025-12-26 01:33:29', '2025-12-26 01:33:44', TRUE);
INSERT INTO "expense_details" ("id", "expense_id", "name", "qty", "price", "created_at", "updated_at", "is_checked") VALUES (103, 32, 'Kereta Bdg-Pkl', 1, 203900, '2025-12-26 01:35:55', '2025-12-26 01:35:58', TRUE);
INSERT INTO "expense_details" ("id", "expense_id", "name", "qty", "price", "created_at", "updated_at", "is_checked") VALUES (104, 32, 'Kereta Bdg-Pkl', 1, 238000, '2026-01-01 05:13:00', '2026-01-01 05:13:06', TRUE);
INSERT INTO "expense_details" ("id", "expense_id", "name", "qty", "price", "created_at", "updated_at", "is_checked") VALUES (105, 33, 'Home', 1, 500000, '2025-11-26 11:55:16', '2025-12-03 22:25:38', TRUE);
INSERT INTO "expense_details" ("id", "expense_id", "name", "qty", "price", "created_at", "updated_at", "is_checked") VALUES (106, 34, 'BPJS Kesehatan', 1, 100000, '2025-12-04 10:14:48', '2025-12-26 01:25:11', TRUE);
INSERT INTO "expense_details" ("id", "expense_id", "name", "qty", "price", "created_at", "updated_at", "is_checked") VALUES (107, 34, 'Pulsa', 1, 50000, '2025-12-08 01:48:15', '2025-12-08 01:48:22', TRUE);
INSERT INTO "expense_details" ("id", "expense_id", "name", "qty", "price", "created_at", "updated_at", "is_checked") VALUES (108, 35, 'Dana darurat', 1, 500000, '2025-11-26 11:57:01', '2025-12-03 22:26:01', TRUE);
INSERT INTO "expense_details" ("id", "expense_id", "name", "qty", "price", "created_at", "updated_at", "is_checked") VALUES (109, 36, 'BTM', 1, 1000000, '2025-12-01 06:57:02', '2025-12-03 22:26:10', TRUE);
INSERT INTO "expense_details" ("id", "expense_id", "name", "qty", "price", "created_at", "updated_at", "is_checked") VALUES (110, 37, 'Pewangi', 1, 20000, '2025-12-04 10:34:52', '2025-12-10 16:07:39', TRUE);
INSERT INTO "expense_details" ("id", "expense_id", "name", "qty", "price", "created_at", "updated_at", "is_checked") VALUES (111, 37, 'Shampoo', 1, 5000, '2025-12-10 16:07:51', '2025-12-10 16:07:54', TRUE);
INSERT INTO "expense_details" ("id", "expense_id", "name", "qty", "price", "created_at", "updated_at", "is_checked") VALUES (112, 37, 'Pasta gigi', 2, 3500, '2025-12-10 16:08:06', '2025-12-10 16:08:08', TRUE);
INSERT INTO "expense_details" ("id", "expense_id", "name", "qty", "price", "created_at", "updated_at", "is_checked") VALUES (113, 37, 'Wardah moist dew tint', 1, 41233, '2025-12-11 17:11:37', '2025-12-11 17:11:43', TRUE);
INSERT INTO "expense_details" ("id", "expense_id", "name", "qty", "price", "created_at", "updated_at", "is_checked") VALUES (114, 37, 'Hair vitamin elips', 1, 22978, '2025-12-11 17:12:37', '2025-12-11 17:12:40', TRUE);
INSERT INTO "expense_details" ("id", "expense_id", "name", "qty", "price", "created_at", "updated_at", "is_checked") VALUES (115, 37, 'Masker Daisy coklat', 1, 11951, '2025-12-11 17:13:09', '2025-12-11 17:13:12', TRUE);
INSERT INTO "expense_details" ("id", "expense_id", "name", "qty", "price", "created_at", "updated_at", "is_checked") VALUES (116, 37, 'Telon lang', 1, 18862, '2025-12-11 17:13:30', '2025-12-11 17:13:38', TRUE);
INSERT INTO "expense_details" ("id", "expense_id", "name", "qty", "price", "created_at", "updated_at", "is_checked") VALUES (117, 37, 'Parfum', 1, 84019, '2025-12-11 17:13:56', '2025-12-11 17:14:00', TRUE);
INSERT INTO "expense_details" ("id", "expense_id", "name", "qty", "price", "created_at", "updated_at", "is_checked") VALUES (118, 37, 'Masker wajah', 1, 11951, '2025-12-15 04:05:17', '2025-12-15 04:05:21', TRUE);
INSERT INTO "expense_details" ("id", "expense_id", "name", "qty", "price", "created_at", "updated_at", "is_checked") VALUES (119, 37, 'Pantyliner', 1, 14000, '2025-12-15 06:52:16', '2025-12-15 06:52:19', TRUE);
INSERT INTO "expense_details" ("id", "expense_id", "name", "qty", "price", "created_at", "updated_at", "is_checked") VALUES (120, 37, 'Buka rek mandiri', 1, 100334, '2025-12-26 01:35:24', '2025-12-26 01:35:27', TRUE);
INSERT INTO "expense_details" ("id", "expense_id", "name", "qty", "price", "created_at", "updated_at", "is_checked") VALUES (121, 37, 'Pembalut', 1, 22000, '2026-01-01 01:20:56', '2026-01-01 01:20:58', TRUE);
INSERT INTO "expense_details" ("id", "expense_id", "name", "qty", "price", "created_at", "updated_at", "is_checked") VALUES (122, 38, 'Balok kamojang', 1, 142000, '2025-12-01 14:28:22', '2025-12-01 14:28:27', TRUE);
INSERT INTO "expense_details" ("id", "expense_id", "name", "qty", "price", "created_at", "updated_at", "is_checked") VALUES (123, 38, 'Gudang rasa', 1, 82500, '2025-12-08 01:48:58', '2025-12-08 01:49:01', TRUE);
INSERT INTO "expense_details" ("id", "expense_id", "name", "qty", "price", "created_at", "updated_at", "is_checked") VALUES (124, 38, 'Snacks', 1, 38000, '2025-12-10 16:10:14', '2025-12-10 16:10:17', TRUE);
INSERT INTO "expense_details" ("id", "expense_id", "name", "qty", "price", "created_at", "updated_at", "is_checked") VALUES (125, 38, 'Bilor cilor', 1, 5000, '2025-12-11 17:17:18', '2025-12-11 17:17:22', TRUE);
INSERT INTO "expense_details" ("id", "expense_id", "name", "qty", "price", "created_at", "updated_at", "is_checked") VALUES (126, 38, 'Kopi % arabica', 1, 63000, '2025-12-14 18:15:25', '2025-12-14 18:15:28', TRUE);
INSERT INTO "expense_details" ("id", "expense_id", "name", "qty", "price", "created_at", "updated_at", "is_checked") VALUES (127, 38, 'Alfa', 1, 25400, '2025-12-15 04:04:06', '2025-12-15 04:04:14', TRUE);
INSERT INTO "expense_details" ("id", "expense_id", "name", "qty", "price", "created_at", "updated_at", "is_checked") VALUES (128, 38, 'Family mart', 1, 58200, '2025-12-15 05:52:41', '2025-12-15 05:52:45', TRUE);
INSERT INTO "expense_details" ("id", "expense_id", "name", "qty", "price", "created_at", "updated_at", "is_checked") VALUES (129, 38, 'Indomart', 1, 3700, '2025-12-15 06:51:39', '2025-12-15 06:51:43', TRUE);
INSERT INTO "expense_details" ("id", "expense_id", "name", "qty", "price", "created_at", "updated_at", "is_checked") VALUES (130, 38, 'Indomart 2', 1, 9200, '2025-12-15 10:15:01', '2025-12-15 10:15:03', TRUE);
INSERT INTO "expense_details" ("id", "expense_id", "name", "qty", "price", "created_at", "updated_at", "is_checked") VALUES (131, 38, 'Ambil uang', 1, 150000, '2025-12-19 00:49:14', '2025-12-19 00:49:17', TRUE);
INSERT INTO "expense_details" ("id", "expense_id", "name", "qty", "price", "created_at", "updated_at", "is_checked") VALUES (132, 38, 'Ambil uang', 1, 400000, '2025-12-19 00:53:54', '2025-12-19 00:53:57', TRUE);
INSERT INTO "expense_details" ("id", "expense_id", "name", "qty", "price", "created_at", "updated_at", "is_checked") VALUES (133, 38, 'Jajan', 1, 16400, '2025-12-19 00:55:18', '2025-12-26 01:26:48', TRUE);
INSERT INTO "expense_details" ("id", "expense_id", "name", "qty", "price", "created_at", "updated_at", "is_checked") VALUES (134, 38, 'Mix jajan', 1, 189300, '2025-12-26 01:34:18', '2025-12-26 01:34:21', TRUE);
INSERT INTO "expense_details" ("id", "expense_id", "name", "qty", "price", "created_at", "updated_at", "is_checked") VALUES (135, 38, 'Ambil uang', 1, 100365, '2025-12-26 01:34:40', '2025-12-26 01:34:43', TRUE);
INSERT INTO "expense_details" ("id", "expense_id", "name", "qty", "price", "created_at", "updated_at", "is_checked") VALUES (136, 38, 'Ambil uang', 1, 150000, '2026-01-01 01:20:26', '2026-01-01 01:20:29', TRUE);
INSERT INTO "expense_details" ("id", "expense_id", "name", "qty", "price", "created_at", "updated_at", "is_checked") VALUES (137, 39, 'Bulan Desember 1', 1, 200000, '2025-12-02 00:28:48', '2025-12-02 00:28:52', TRUE);
INSERT INTO "expense_details" ("id", "expense_id", "name", "qty", "price", "created_at", "updated_at", "is_checked") VALUES (138, 39, 'Bulan Desember 2', 1, 50000, '2025-12-03 12:02:55', '2025-12-03 12:02:55', FALSE);
INSERT INTO "expense_details" ("id", "expense_id", "name", "qty", "price", "created_at", "updated_at", "is_checked") VALUES (139, 40, 'Minggu pertama', 1, 50000, '2025-12-02 01:02:04', '2025-12-02 01:02:08', TRUE);
INSERT INTO "expense_details" ("id", "expense_id", "name", "qty", "price", "created_at", "updated_at", "is_checked") VALUES (140, 40, 'Topup 2', 1, 50000, '2025-12-03 12:49:46', '2025-12-03 12:49:46', FALSE);
INSERT INTO "expense_details" ("id", "expense_id", "name", "qty", "price", "created_at", "updated_at", "is_checked") VALUES (141, 40, 'Topup 3', 1, 50000, '2025-12-03 12:49:58', '2025-12-03 12:49:58', FALSE);
INSERT INTO "expense_details" ("id", "expense_id", "name", "qty", "price", "created_at", "updated_at", "is_checked") VALUES (142, 40, 'Topup 4', 1, 50000, '2025-12-03 12:50:31', '2025-12-03 12:50:31', FALSE);
INSERT INTO "expense_details" ("id", "expense_id", "name", "qty", "price", "created_at", "updated_at", "is_checked") VALUES (143, 41, 'Minggu 1', 1, 50000, '2025-12-02 01:19:30', '2025-12-02 01:19:35', TRUE);
INSERT INTO "expense_details" ("id", "expense_id", "name", "qty", "price", "created_at", "updated_at", "is_checked") VALUES (144, 41, 'Topup 2', 2, 50000, '2025-12-31 10:34:10', '2025-12-31 10:34:15', TRUE);
INSERT INTO "expense_details" ("id", "expense_id", "name", "qty", "price", "created_at", "updated_at", "is_checked") VALUES (145, 42, 'Bulan Desember', 1, 1600000, '2025-12-02 12:09:33', '2025-12-02 12:09:39', TRUE);
INSERT INTO "expense_details" ("id", "expense_id", "name", "qty", "price", "created_at", "updated_at", "is_checked") VALUES (146, 43, 'Kapling', 1, 1000000, '2025-12-02 13:54:44', '2025-12-02 13:54:46', TRUE);
INSERT INTO "expense_details" ("id", "expense_id", "name", "qty", "price", "created_at", "updated_at", "is_checked") VALUES (147, 44, 'Galon 1', 1, 20000, '2025-12-03 12:01:45', '2025-12-03 12:02:09', TRUE);
INSERT INTO "expense_details" ("id", "expense_id", "name", "qty", "price", "created_at", "updated_at", "is_checked") VALUES (148, 44, 'Galon 2', 1, 20000, '2025-12-03 12:02:07', '2025-12-03 12:02:07', FALSE);
INSERT INTO "expense_details" ("id", "expense_id", "name", "qty", "price", "created_at", "updated_at", "is_checked") VALUES (149, 45, 'Bulan Desember', 1, 1000000, '2025-12-03 12:04:57', '2025-12-03 12:04:59', TRUE);
INSERT INTO "expense_details" ("id", "expense_id", "name", "qty", "price", "created_at", "updated_at", "is_checked") VALUES (150, 46, 'Sarimbit', 1, 240000, '2025-12-03 12:06:25', '2025-12-03 12:06:27', TRUE);
INSERT INTO "expense_details" ("id", "expense_id", "name", "qty", "price", "created_at", "updated_at", "is_checked") VALUES (151, 46, 'Jajan toko maulana 1', 1, 23000, '2025-12-03 12:07:21', '2025-12-03 12:07:23', TRUE);
INSERT INTO "expense_details" ("id", "expense_id", "name", "qty", "price", "created_at", "updated_at", "is_checked") VALUES (152, 46, 'Sarapan 1', 1, 21000, '2025-12-03 12:08:48', '2025-12-03 12:08:50', TRUE);
INSERT INTO "expense_details" ("id", "expense_id", "name", "qty", "price", "created_at", "updated_at", "is_checked") VALUES (153, 46, 'Jajan cireng 1', 1, 5000, '2025-12-03 12:09:11', '2025-12-03 12:09:13', TRUE);
INSERT INTO "expense_details" ("id", "expense_id", "name", "qty", "price", "created_at", "updated_at", "is_checked") VALUES (154, 46, 'Jajan cilok', 1, 10000, '2025-12-03 12:09:53', '2025-12-03 12:09:55', TRUE);
INSERT INTO "expense_details" ("id", "expense_id", "name", "qty", "price", "created_at", "updated_at", "is_checked") VALUES (155, 46, 'Beli kopi', 1, 10000, '2025-12-03 12:10:15', '2025-12-03 12:12:41', TRUE);
INSERT INTO "expense_details" ("id", "expense_id", "name", "qty", "price", "created_at", "updated_at", "is_checked") VALUES (156, 46, 'Jajan toko maulana 2', 1, 18000, '2025-12-03 12:11:14', '2025-12-03 12:12:42', TRUE);
INSERT INTO "expense_details" ("id", "expense_id", "name", "qty", "price", "created_at", "updated_at", "is_checked") VALUES (157, 46, 'Beli salak dan pisang', 1, 20000, '2025-12-03 12:11:38', '2025-12-03 12:12:44', TRUE);
INSERT INTO "expense_details" ("id", "expense_id", "name", "qty", "price", "created_at", "updated_at", "is_checked") VALUES (158, 46, 'Pulsa adek', 1, 12000, '2025-12-03 12:14:12', '2025-12-03 12:15:41', TRUE);
INSERT INTO "expense_details" ("id", "expense_id", "name", "qty", "price", "created_at", "updated_at", "is_checked") VALUES (159, 46, 'Kuota adek', 1, 12000, '2025-12-03 12:14:22', '2025-12-03 12:15:43', TRUE);
INSERT INTO "expense_details" ("id", "expense_id", "name", "qty", "price", "created_at", "updated_at", "is_checked") VALUES (160, 46, 'Jajan di iqo', 1, 1500, '2025-12-03 12:14:31', '2025-12-03 12:15:45', TRUE);
INSERT INTO "expense_details" ("id", "expense_id", "name", "qty", "price", "created_at", "updated_at", "is_checked") VALUES (161, 46, 'Jajan di iqo 2', 1, 3000, '2025-12-03 12:14:46', '2025-12-03 12:15:46', TRUE);
INSERT INTO "expense_details" ("id", "expense_id", "name", "qty", "price", "created_at", "updated_at", "is_checked") VALUES (162, 46, 'Bayar netflix', 1, 46500, '2025-12-03 12:16:22', '2025-12-03 12:17:07', TRUE);
INSERT INTO "expense_details" ("id", "expense_id", "name", "qty", "price", "created_at", "updated_at", "is_checked") VALUES (163, 46, 'Jajan toko maulana 3', 1, 18000, '2025-12-03 12:16:39', '2025-12-03 12:17:08', TRUE);
INSERT INTO "expense_details" ("id", "expense_id", "name", "qty", "price", "created_at", "updated_at", "is_checked") VALUES (164, 46, 'Periksa birru ke bidan', 1, 150000, '2025-12-03 12:17:04', '2025-12-03 12:17:09', TRUE);
INSERT INTO "expense_details" ("id", "expense_id", "name", "qty", "price", "created_at", "updated_at", "is_checked") VALUES (165, 46, 'No name', 1, 2000, '2025-12-03 12:19:41', '2025-12-03 12:19:46', TRUE);
INSERT INTO "expense_details" ("id", "expense_id", "name", "qty", "price", "created_at", "updated_at", "is_checked") VALUES (166, 46, 'Pegangan adek 4 Des', 1, 60000, '2025-12-04 00:58:39', '2025-12-04 00:58:42', TRUE);
INSERT INTO "expense_details" ("id", "expense_id", "name", "qty", "price", "created_at", "updated_at", "is_checked") VALUES (167, 46, 'Buah', 1, 10000, '2025-12-04 02:44:08', '2025-12-04 02:45:10', TRUE);
INSERT INTO "expense_details" ("id", "expense_id", "name", "qty", "price", "created_at", "updated_at", "is_checked") VALUES (168, 46, 'Ayam penyet', 1, 20000, '2025-12-04 02:45:06', '2025-12-04 02:45:12', TRUE);
INSERT INTO "expense_details" ("id", "expense_id", "name", "qty", "price", "created_at", "updated_at", "is_checked") VALUES (169, 46, 'Beli bakso dan gorengan', 1, 40000, '2025-12-04 12:50:00', '2025-12-04 12:50:02', TRUE);
INSERT INTO "expense_details" ("id", "expense_id", "name", "qty", "price", "created_at", "updated_at", "is_checked") VALUES (170, 47, 'Bulan Desember', 1, 60000, '2025-12-03 12:21:06', '2025-12-03 23:36:13', TRUE);
INSERT INTO "expense_details" ("id", "expense_id", "name", "qty", "price", "created_at", "updated_at", "is_checked") VALUES (171, 48, 'Bulan Desember', 1, 255000, '2025-12-03 12:23:40', '2025-12-05 05:18:37', TRUE);
INSERT INTO "expense_details" ("id", "expense_id", "name", "qty", "price", "created_at", "updated_at", "is_checked") VALUES (172, 49, 'Bulan Desember', 1, 500000, '2025-12-03 12:27:32', '2025-12-04 12:49:39', TRUE);
INSERT INTO "expense_details" ("id", "expense_id", "name", "qty", "price", "created_at", "updated_at", "is_checked") VALUES (173, 50, 'Bulan Desember', 1, 500000, '2025-12-03 12:24:24', '2025-12-03 12:24:24', FALSE);
INSERT INTO "expense_details" ("id", "expense_id", "name", "qty", "price", "created_at", "updated_at", "is_checked") VALUES (174, 51, 'Pekan 2', 1, 250000, '2025-12-03 12:26:26', '2025-12-03 12:26:26', FALSE);
INSERT INTO "expense_details" ("id", "expense_id", "name", "qty", "price", "created_at", "updated_at", "is_checked") VALUES (175, 51, 'Pekan 3', 1, 250000, '2025-12-03 12:26:38', '2025-12-03 12:26:38', FALSE);
INSERT INTO "expense_details" ("id", "expense_id", "name", "qty", "price", "created_at", "updated_at", "is_checked") VALUES (176, 51, 'Pekan 4', 1, 250000, '2025-12-03 12:26:50', '2025-12-03 12:26:50', FALSE);
INSERT INTO "expense_details" ("id", "expense_id", "name", "qty", "price", "created_at", "updated_at", "is_checked") VALUES (177, 51, 'Pekan 1', 1, 150000, '2025-12-04 12:49:24', '2025-12-04 12:49:26', TRUE);
INSERT INTO "expense_details" ("id", "expense_id", "name", "qty", "price", "created_at", "updated_at", "is_checked") VALUES (178, 52, 'Bulan November', 1, 70000, '2025-12-04 00:56:59', '2025-12-04 00:57:43', TRUE);
INSERT INTO "expense_details" ("id", "expense_id", "name", "qty", "price", "created_at", "updated_at", "is_checked") VALUES (179, 52, 'Bulan Desember', 1, 70000, '2025-12-04 00:57:41', '2025-12-04 00:57:44', TRUE);
INSERT INTO "expense_details" ("id", "expense_id", "name", "qty", "price", "created_at", "updated_at", "is_checked") VALUES (180, 53, 'Bulan Januari', 1, 200000, '2025-12-29 15:39:43', '2025-12-29 15:39:46', TRUE);
INSERT INTO "expense_details" ("id", "expense_id", "name", "qty", "price", "created_at", "updated_at", "is_checked") VALUES (181, 54, 'Top up pertama', 1, 50000, '2025-12-29 15:41:46', '2025-12-29 15:41:48', TRUE);
INSERT INTO "expense_details" ("id", "expense_id", "name", "qty", "price", "created_at", "updated_at", "is_checked") VALUES (182, 54, 'Top up kedua', 1, 100000, '2025-12-31 10:35:50', '2025-12-31 10:35:51', TRUE);
INSERT INTO "expense_details" ("id", "expense_id", "name", "qty", "price", "created_at", "updated_at", "is_checked") VALUES (183, 55, 'Tunai 1', 1, 100000, '2025-12-29 15:42:58', '2025-12-29 15:43:00', TRUE);
INSERT INTO "expense_details" ("id", "expense_id", "name", "qty", "price", "created_at", "updated_at", "is_checked") VALUES (184, 55, 'Tunai 2', 1, 200000, '2026-01-04 02:43:49', '2026-01-04 02:43:51', TRUE);
INSERT INTO "expense_details" ("id", "expense_id", "name", "qty", "price", "created_at", "updated_at", "is_checked") VALUES (185, 55, 'Belanja Sayur', 1, 48000, '2026-01-04 02:46:29', '2026-01-04 02:46:32', TRUE);
INSERT INTO "expense_details" ("id", "expense_id", "name", "qty", "price", "created_at", "updated_at", "is_checked") VALUES (186, 56, 'Uang pegangan suami', 1, 85000, '2025-12-29 15:44:08', '2025-12-29 15:45:09', TRUE);
INSERT INTO "expense_details" ("id", "expense_id", "name", "qty", "price", "created_at", "updated_at", "is_checked") VALUES (187, 56, 'Jajan cilok', 1, 10000, '2025-12-29 15:44:35', '2025-12-29 15:45:11', TRUE);
INSERT INTO "expense_details" ("id", "expense_id", "name", "qty", "price", "created_at", "updated_at", "is_checked") VALUES (188, 56, 'Jajan tahu krispi', 1, 5000, '2025-12-29 15:44:48', '2025-12-29 15:45:12', TRUE);
INSERT INTO "expense_details" ("id", "expense_id", "name", "qty", "price", "created_at", "updated_at", "is_checked") VALUES (189, 56, 'BBQ', 1, 187000, '2026-01-01 10:16:53', '2026-01-01 10:16:54', TRUE);
INSERT INTO "expense_details" ("id", "expense_id", "name", "qty", "price", "created_at", "updated_at", "is_checked") VALUES (190, 56, 'Beli Domain', 1, 19000, '2026-01-04 02:45:13', '2026-01-04 02:45:17', TRUE);
INSERT INTO "expense_details" ("id", "expense_id", "name", "qty", "price", "created_at", "updated_at", "is_checked") VALUES (191, 56, 'Beli Kukil', 1, 35000, '2026-01-04 02:45:37', '2026-01-04 02:45:39', TRUE);
INSERT INTO "expense_details" ("id", "expense_id", "name", "qty", "price", "created_at", "updated_at", "is_checked") VALUES (192, 57, 'Tabungan', 1, 1000000, '2025-12-30 03:38:56', '2025-12-30 03:38:59', TRUE);
INSERT INTO "expense_details" ("id", "expense_id", "name", "qty", "price", "created_at", "updated_at", "is_checked") VALUES (193, 58, 'Alfagift', 1, 402000, '2025-12-30 13:43:08', '2025-12-30 13:43:11', TRUE);
INSERT INTO "expense_details" ("id", "expense_id", "name", "qty", "price", "created_at", "updated_at", "is_checked") VALUES (194, 59, 'Pulsa', 1, 50000, '2026-01-01 05:20:11', '2026-01-03 09:36:59', TRUE);
INSERT INTO "expense_details" ("id", "expense_id", "name", "qty", "price", "created_at", "updated_at", "is_checked") VALUES (195, 59, 'BPJS Kesehatan', 1, 100000, '2026-01-01 05:20:27', '2026-01-02 04:27:49', TRUE);
INSERT INTO "expense_details" ("id", "expense_id", "name", "qty", "price", "created_at", "updated_at", "is_checked") VALUES (196, 59, '2,5%', 1, 125000, '2026-01-02 07:20:33', '2026-01-02 07:20:37', TRUE);
INSERT INTO "expense_details" ("id", "expense_id", "name", "qty", "price", "created_at", "updated_at", "is_checked") VALUES (197, 60, 'Home', 1, 500000, '2026-01-01 05:23:52', '2026-01-02 04:28:00', TRUE);
INSERT INTO "expense_details" ("id", "expense_id", "name", "qty", "price", "created_at", "updated_at", "is_checked") VALUES (198, 61, 'BTM', 1, 1000000, '2026-01-01 05:28:33', '2026-01-02 04:28:25', TRUE);
INSERT INTO "expense_details" ("id", "expense_id", "name", "qty", "price", "created_at", "updated_at", "is_checked") VALUES (199, 61, 'Dana darurat', 1, 500000, '2026-01-01 05:45:51', '2026-01-02 04:29:00', TRUE);
INSERT INTO "expense_details" ("id", "expense_id", "name", "qty", "price", "created_at", "updated_at", "is_checked") VALUES (200, 62, 'Kereta Bdg-Pkl', 1, 238000, '2026-01-01 05:30:32', '2026-01-02 04:28:46', TRUE);
INSERT INTO "expense_details" ("id", "expense_id", "name", "qty", "price", "created_at", "updated_at", "is_checked") VALUES (201, 62, 'Re-schedule tiket KAI', 1, 18000, '2026-01-01 05:41:17', '2026-01-01 05:41:26', TRUE);
INSERT INTO "expense_details" ("id", "expense_id", "name", "qty", "price", "created_at", "updated_at", "is_checked") VALUES (202, 63, 'Jajan', 1, 525447, '2026-01-01 05:43:53', '2026-01-01 05:44:09', TRUE);
INSERT INTO "expense_details" ("id", "expense_id", "name", "qty", "price", "created_at", "updated_at", "is_checked") VALUES (203, 63, 'Jajan', 1, 6000, '2026-01-04 06:07:51', '2026-01-04 06:07:56', TRUE);
INSERT INTO "expense_details" ("id", "expense_id", "name", "qty", "price", "created_at", "updated_at", "is_checked") VALUES (204, 64, 'Bukan januari', 1, 1600000, '2026-01-01 10:17:46', '2026-01-01 10:17:49', TRUE);
INSERT INTO "expense_details" ("id", "expense_id", "name", "qty", "price", "created_at", "updated_at", "is_checked") VALUES (205, 65, 'Skincare', 1, 374757, '2026-01-02 07:40:47', '2026-01-02 07:40:50', TRUE);
INSERT INTO "expense_details" ("id", "expense_id", "name", "qty", "price", "created_at", "updated_at", "is_checked") VALUES (206, 65, 'Handbody', 1, 54685, '2026-01-02 07:41:20', '2026-01-02 07:41:22', TRUE);
INSERT INTO "expense_details" ("id", "expense_id", "name", "qty", "price", "created_at", "updated_at", "is_checked") VALUES (207, 65, 'For face', 1, 22278, '2026-01-02 07:42:03', '2026-01-02 07:42:05', TRUE);
INSERT INTO "expense_details" ("id", "expense_id", "name", "qty", "price", "created_at", "updated_at", "is_checked") VALUES (208, 65, 'Biaya admin', 1, 14900, '2026-01-03 09:39:33', '2026-01-03 09:39:37', TRUE);
INSERT INTO "expense_details" ("id", "expense_id", "name", "qty", "price", "created_at", "updated_at", "is_checked") VALUES (209, 65, 'Pembalut', 1, 25000, '2026-01-04 06:07:18', '2026-01-04 06:07:21', TRUE);
INSERT INTO "expense_details" ("id", "expense_id", "name", "qty", "price", "created_at", "updated_at", "is_checked") VALUES (210, 66, 'Bayar Hutang', 1, 200000, '2026-01-02 10:58:01', '2026-01-02 10:58:05', TRUE);
INSERT INTO "expense_details" ("id", "expense_id", "name", "qty", "price", "created_at", "updated_at", "is_checked") VALUES (211, 67, 'Kapling Januari', 1, 1000000, '2026-01-04 02:42:49', '2026-01-04 02:42:52', TRUE);
INSERT INTO "expense_details" ("id", "expense_id", "name", "qty", "price", "created_at", "updated_at", "is_checked") VALUES (212, 68, 'Bulan Januari', 1, 70000, '2026-01-04 02:47:26', '2026-01-04 02:47:33', TRUE);

SELECT setval('users_id_seq', (SELECT MAX(id) FROM "users"));
SELECT setval('categories_id_seq', (SELECT MAX(id) FROM "categories"));
SELECT setval('monthly_incomes_id_seq', (SELECT MAX(id) FROM "monthly_incomes"));
SELECT setval('expenses_id_seq', (SELECT MAX(id) FROM "expenses"));
SELECT setval('expense_details_id_seq', (SELECT MAX(id) FROM "expense_details"));

COMMIT;
